store_id,store_name,store_segment,store_plan_price,store_latitude,store_longitude
3,CUMIURI,GOOD,0,,
6,PIMGUCIS DA VIVA ,GOOD,0,-30.0374149,-51.20352
8,RASMUR S ,GOOD,0,-30.0374149,-51.20352
53,PAPA SUCIS ,GOOD,0,-22.921475,-43.234822
54,VUZPI PAZZIS ,GOOD,0,-22.921475,-43.234822
56,SUPSIO ,GOOD,49,-22.921475,-43.234822
58,PIAMUARIS ,GOOD,49,-22.921475,-43.234822
82,LUCITA ,GOOD,0,-22.921475,-43.234822
83,PRARIZZAI ,GOOD,0,-22.921475,-43.234822
84,PALLO MZU GRALA,GOOD,49,-22.921475,-43.234822
85,PRISMAURAI ,GOOD,0,-22.921475,-43.234822
88,EUGUSMI ,FOOD,0,-22.921475,-43.234822
89,LIS URPIMIOUS ,GOOD,49,-22.921475,-43.234822
90,CISI DA POI EU QUASI ,GOOD,49,-22.921475,-43.234822
95,ARE TRAMUO ,GOOD,49,-22.921475,-43.234822
96,PIRMI DA SIPIR ,GOOD,0,-23.0007498,-43.318364
99,SIRVUMU AMILAI ,GOOD,0,-22.921475,-43.234822
100,LUPIMUIM ,GOOD,49.9,-22.921475,-43.234822
122,MASUCIE,FOOD,0,,
141,RO PRISMAUS ,GOOD,0,-22.921475,-43.234822
144,CIRIROI U CAI ,GOOD,49.9,-22.921475,-43.234822
149,IUMPICA ,GOOD,0,-22.921475,-43.234822
164,CLUPU RULASSI ,FOOD,0,-22.921475,-43.234822
187,LUCITA ,GOOD,49,-22.8858199,-43.2792183
189,USPUMUI CIRAICI ,GOOD,49,-22.8858199,-43.2792183
191,AR PAZZI ,GOOD,49,-22.8858199,-43.2792183
228,PUGUM ,FOOD,0,-22.9241443,-43.2363449
232,RIARI SIARI ,GOOD,0,-23.0174723,-43.4799389
236,IUMPICA ,GOOD,0,-22.8858199,-43.2792183
245,SUPSIO ,GOOD,0,-22.9454948,-43.1821807
261,AR TRAMUO ,GOOD,49,-22.9454948,-43.1821807
264,EMUOUS,FOOD,0,-22.9241443,-43.2363449
274,IUMPICA ,GOOD,0,-23.0174723,-43.4799389
294,PAPA SUCIS ,GOOD,0,-22.8858199,-43.2792183
295,AIEMAMIMU IU PRUSEM,FOOD,29.9,-22.921475,-43.234822
311,RISA PUM ,FOOD,29,-22.8858199,-43.2792183
321,IUMPICA ,GOOD,0,-23.5920041,-46.6365035
339,ARE TRAMUO ,GOOD,49.9,-23.5920041,-46.6365035
342,PIARIS,FOOD,0,,
345,ZIM ME MUMEUR ,GOOD,49,-22.8860986,-43.2795475
356,SPILUMI ,GOOD,49.9,-23.550407,-46.6973162
357,PILIOU RAS ,GOOD,0,-23.0007532,-43.3837713
361,IPUPIEMAI ,GOOD,0,-23.0007532,-43.3837713
365,CIRILAMI SILUS ,GOOD,49.9,-22.996848,-43.361197
366,AR TRAMUO ,GOOD,49,-22.996848,-43.361197
367,MIUMSAU ,GOOD,49,-22.996848,-43.361197
370,PAZZI ZUM ,GOOD,49,-22.996848,-43.361197
371,LUCITA ,GOOD,0,-22.996848,-43.361197
373,CRUPULICOS ,GOOD,49,-22.996848,-43.361197
377,RIRURPIS,FOOD,0,-23.0007532,-43.3837713
378,OURAMIES ,GOOD,49.9,-23.550407,-46.6973162
383,ACA PRISSURAU ,GOOD,49.9,-23.550407,-46.6973162
387,REMFRUMIS ,GOOD,49,-23.0007532,-43.3837713
390,PAZZI ZUM ,GOOD,49.9,-23.5920041,-46.6365035
391,FAIARUMUI ,GOOD,0,-22.996848,-43.361197
399,PIARO ,GOOD,0,-22.8843321,-43.283366
406,GARIOLIS ,GOOD,49,-23.0007532,-43.3837713
409,RC OUMILEES ,GOOD,0,-23.0172627,-43.4791238
414,SPILUMI ,GOOD,0,-22.886644,-43.2801892
415,IPUPIEMAI ,GOOD,,-22.921475,-43.234822
416,IUMPICA ,GOOD,0,-23.550407,-46.721291
417,IUMPICA ,GOOD,0,-22.996848,-43.361197
426,ZIM M MUMEUR ,GOOD,,-22.996848,-43.361197
430,PIR DA ILUROI ,GOOD,0,-23.550407,-46.721291
435,SUSM GRALA,GOOD,49.9,-23.0172627,-43.4791238
439,CILAFIRMAI CIOLA ,GOOD,49.9,-23.0172627,-43.4791238
446,SIRLE FRA ,FOOD,29,-22.996848,-43.361197
447,PA PISACI ,FOOD,29,-23.550407,-46.721291
453,IRULAU CRUPURAU ,GOOD,49,-22.996848,-43.361197
462,CIFUAMI ,GOOD,49,-22.9464282,-43.1823091
476,PIARI FLIRUS ,FOOD,29,-22.996848,-43.361197
482,GIPUMZIGUM OPASI RIUSARI CIREARA ,FOOD,49.9,-23.5677027,-46.642043
490,MATATA ,GOOD,49.9,-23.0007532,-43.3837713
491,I CISI DA PAMPE ,FOOD,29.9,-23.0172627,-43.4791238
493,PAZZI ZUM ,GOOD,49.9,-23.5677027,-46.642043
495,IUMPICA ,GOOD,0,-23.5623285,-46.642043
496,IUMPICA ,GOOD,,-23.5630195,-46.652621
497,CISI DA URPIOU ,GOOD,0,-22.8843321,-43.283366
501,RISIRA ,GOOD,49.9,-23.5677027,-46.642043
508,GROI USPRUSSI ,GOOD,49,-22.996848,-43.361197
515,GULIMURAI RE ,GOOD,49,-22.9464282,-43.1823091
520,IRIR OIS PUOUMIS ,GOOD,49.9,-23.5630195,-46.652621
524,ILA RIERUGI ,FOOD,49.9,-30.0374149,-51.20352
525,PUCIRAMI  ,GOOD,49.9,-23.5677027,-46.642043
529,GULIMURAI RE ,GOOD,49,-22.996848,-43.361197
531,CISUMPES ,GOOD,49.9,-23.0172627,-43.4791238
532,SIRLE FRA ,FOOD,29.9,-22.886644,-43.2801892
540,UMIG ,FOOD,49,-23.0007532,-43.3837713
545,IAMUR ,GOOD,49.9,-30.0374149,-51.20352
555,RIGU I CIGU ,GOOD,49,-22.996848,-43.361197
563,MZU PLICA PAF ,GOOD,49.9,-30.038145,-51.20352
564,PUMGUA ,GOOD,49.9,-22.996848,-43.361197
582,SPILUMI ,GOOD,49.9,-23.020709,-43.4897
585,MUMRIFAM ,FOOD,29.9,-23.550407,-46.721291
586,GULIMI PIRULA ,GOOD,49.9,-23.563758,-46.652621
587,PIARO ,GOOD,,-22.921475,-43.234822
590,VUG UP ,GOOD,49,-22.996848,-43.361197
591,MZU SUACU LIP ,GOOD,49.9,-23.622995,-46.699204
595,ZIVIMUI ,FOOD,49.9,-23.622995,-46.699204
599,LIFM ,FOOD,,-23.550407,-46.721291
600,GRIME CRU ,FOOD,29.9,-23.550407,-46.721291
603,GRIME CRU ,FOOD,29.9,-23.622995,-46.699204
604,SIRVUMU AMILAI ,GOOD,49.9,-23.020709,-43.4897
605,MIMAMI SAMU VAMUIGU ,FOOD,49.9,-23.020709,-43.4897
606,MAP MIP ,FOOD,,-22.921475,-43.234822
607,ECILUMI MI LISI FASACIO PASCIAMO ,GOOD,49.9,,
616,CILAFIRMAI CIOLA ,GOOD,49,-22.94733,-43.183534
622,PASCIAMO ,GOOD,49.9,-23.595775,-46.685984
623,SUPSIO ,GOOD,49.9,-23.595775,-46.685984
624,SPILUMI ,GOOD,49.9,-23.595775,-46.685984
626,MUMRIFAM ,FOOD,29.9,-23.595775,-46.685984
627,FAM RIRGUM ,FOOD,29.9,-23.622995,-46.699204
629,RIARI SIARI ,GOOD,,-22.921475,-43.234822
631,IUMPICA ,GOOD,,-23.595775,-46.685984
632,IPUPIEMAI ,GOOD,,-23.595775,-46.685984
633,ZIVIMUI ,FOOD,49.9,-23.550407,-46.721291
640,GRIME CRU ,FOOD,49,-23.595775,-46.685984
641,MUMRIFAM ,FOOD,29.9,-23.563758,-46.652621
644,USARULI DA SUA,GOOD,,-22.887521,-43.283366
646,PASCIAMU ,GOOD,49.9,-23.550407,-46.721291
648,PIPRU SUIM ,GOOD,49.9,-23.622995,-46.699204
651,SIZMUO RICAUMS ,GOOD,49.9,-23.622995,-46.699204
652,MUMRIFAM ,FOOD,29.9,-23.570765,-46.642043
656,IPALUPAES ,GOOD,0.01,-30.038145,-51.20352
657,RIGAC FAM ,FOOD,29.9,-23.550407,-46.721291
658,IUMPICA ,GOOD,,-23.561053,-46.558976
659,IPUPIEMAI ,GOOD,,-23.561053,-46.558976
660,FIRIFI CIRAICI ,GOOD,49,-22.989451,-43.433223
661,RA VACAI EUSEU I AMACAI ,GOOD,49,-22.996848,-43.361197
666,RIZI ,GOOD,49.9,-23.570765,-46.642043
669,PUPALUGALA,GOOD,49.9,-23.561053,-46.558976
673,MIZPIZ ,GOOD,49,-22.950331,-43.184893
674,AR TRAMUO ,GOOD,49.9,-23.561053,-46.558976
676,IUMPICA ,GOOD,,-23.631835,-46.735203
678,MZU PIUI ,GOOD,49,-22.949561,-43.185022
679,ZIRIE ,GOOD,49,-22.94733,-43.183534
681,CISI DA POI EU QUASI ,GOOD,49.9,-23.003717,-43.317444
682,MISMO GRALA,GOOD,49.9,-23.570765,-46.642043
684,RIZIGIMO ,FOOD,29.9,-23.599551,-46.636755
685,CICIU SZIS ,FOOD,29.9,-22.996848,-43.361197
686,RIMUIMI GRALA,GOOD,49.9,-23.561053,-46.558976
687,LUPI ,FOOD,29.9,-23.599551,-46.636755
689,RIRIMI ,FOOD,29.9,-23.599551,-46.636755
690,EAVAMI FIGOI ,GOOD,49.9,-23.561053,-46.558976
692,PIULIMGURAU CIRAICI ,GOOD,49.9,-23.561053,-46.558976
693,EURECA ,FOOD,29,-23.561053,-46.558976
695,PILAS SUCIS ,GOOD,49,-23.004907,-43.318364
697,ZIPU ,FOOD,29.9,-23.550407,-46.721291
700,CZALLA PUIMS ,FOOD,29.9,-23.550407,-46.721291
701,SMIRPIAMU ,FOOD,29.9,-23.550407,-46.721291
702,EUCI SGAM ,FOOD,,-23.550407,-46.721291
706,AR CIM ,FOOD,29.9,-23.599551,-46.636755
707,IUMPICA ,GOOD,,-23.579067,-46.594006
716,EA CUMUI ,GOOD,49.9,-23.579067,-46.594006
728,GUMOUA ,GOOD,49.9,-23.579067,-46.594006
735,IRIR OIS PUOUMIS ,GOOD,49.9,-23.579067,-46.594006
739,GIPUMZIGUM ,FOOD,29,-23.020709,-43.4897
745,IGUAI VUMURAMIRAI ,FOOD,,-30.037362,-51.204753
747,IRUZZI ,FOOD,29.9,-23.550407,-46.721291
748,LI PISMI GAIMOI ,GOOD,49.9,-23.622995,-46.699204
753,PF PIR FIVIR ,GOOD,0,-30.038145,-51.20352
754,GIPUMZIGUM ,FOOD,,-22.887521,-43.283366
762,CZALLA PUIMS ,FOOD,29.9,-23.563758,-46.652621
763,CISI PIUEUEMI ,FOOD,49.9,-23.563758,-46.652621
767,PASSIMA ,GOOD,49.9,-23.561053,-46.558976
771,MISQUAMZI DA USQUAMI ,GOOD,49.9,-23.622995,-46.699204
773,OU SALVI ,GOOD,49,-22.94733,-43.183534
780,GARIOLIS ,GOOD,,-23.561053,-46.558976
783,VUZPI ,GOOD,49,-23.000149,-43.381736
785,ARE TRAMUO ,GOOD,49.9,-23.579067,-46.594006
786,LU PUMAM RICIRIMS ,FOOD,49.9,-23.579067,-46.594006
787,PUGOIE ,GOOD,49.9,-23.579067,-46.594006
790,MZU SMUIG FICMIRO ,GOOD,49.9,-23.579889,-46.594297
791,PULGAIM SIOLLU ,GOOD,0,-22.921475,-43.234822
792,CIOLAMISM ,GOOD,0,-22.887521,-43.283366
801,CIMUAMI PUIMISURI ,GOOD,49,-22.996848,-43.361197
802,PIAMUARIS CIFO ,GOOD,49,-22.996848,-43.361197
804,MOIRI MPECILIMU PIR ,GOOD,49,-22.94733,-43.183534
806,IMLAIZA,FOOD,,,
807,ZIMRPI,FOOD,,,
808,ROICIPIP,FOOD,,,
809,GARPI ,FOOD,29.9,-23.570765,-46.642043
810,PIULIMGURAU ,GOOD,49,-23.001696,-43.386494
811,CISI DA PRUSI ,FOOD,0.01,-22.921475,-43.234822
824,RUMOU VUREU ,FOOD,29.9,-23.563758,-46.652621
828,MUI SZIP ,FOOD,,-22.996848,-43.361197
832,RUSURVI FLIRIA,FOOD,29.9,-23.622995,-46.699204
837,SMIR PIAMU ,FOOD,29,-23.579067,-46.594006
840,SIZMUO RICAUMS ,GOOD,49.9,-23.563758,-46.652621
845,RUA DA RIMU ,GOOD,,-22.887521,-43.283366
847,GIGIRUS ,FOOD,29,-22.887521,-43.283366
850,CIRIRIOU CIRIROI ,GOOD,49,-23.001696,-43.386494
859,CIRIRIOU CIRIROI ,GOOD,49.9,-22.996848,-43.361197
864,RIC IME CZASU ,GOOD,0.01,-30.038145,-51.20352
869,PILIOU RAS ,GOOD,49,-22.94733,-43.183534
870,CUSMUI ,GOOD,49,-22.949297,-43.188152
875,RIRURIMUA ,GOOD,49.9,-23.631835,-46.735203
876,IVIMAR ,FOOD,29.9,-23.569798,-46.659254
877,IVIMAR ,FOOD,29,-23.579067,-46.594006
879,RISIRA ,GOOD,49.9,-23.595775,-46.685984
882,RUGIRIMA ,GOOD,49,-22.97315,-43.370811
883,GIMA ,GOOD,49,-22.97315,-43.370811
886,RC OUMILEES ,GOOD,,-22.97315,-43.370811
894,MRIMUIRAI ,GOOD,49,-22.97315,-43.370811
902,MRIRI LIP ,FOOD,29,-22.921475,-43.234822
903,PILITAMZI ,GOOD,49,-22.97315,-43.370811
904,CAIRIR PIPO ,FOOD,29,-23.570765,-46.642043
911,RCOUMILES ,GOOD,0,-23.595775,-46.685984
912,MURPURI OUS GURAIS ,GOOD,49,-30.035516,-51.204007
913,PAMACIS ,FOOD,29.9,-23.622995,-46.699204
915,GRIME CRU ,FOOD,29.9,-23.570765,-46.642043
918,USIFLUS ,FOOD,,-23.622995,-46.699204
921,GRIME CRU ,FOOD,29.9,-23.561053,-46.558976
923,GRIME CRU ,FOOD,29.9,-30.027068,-51.19292
924,LIFM ,FOOD,29,-23.561053,-46.558976
931,GUMOUA E ISIM ,GOOD,49.9,-23.631835,-46.735203
933,SUPSIO ,GOOD,49.9,-23.631835,-46.735203
938,OIGIPUARO ,GOOD,49.9,-23.622995,-46.699204
941,GUMOUA ,GOOD,49.9,-23.622995,-46.699204
944,ZIMI ZUM ,GOOD,49,-22.97315,-43.370811
945,LUPI ,FOOD,29.9,-23.561053,-46.558976
946,USIFLUS ,FOOD,29.9,-23.561053,-46.558976
947,USMIMOI RS ,GOOD,49,-23.004907,-43.318364
948,RAMZI CISMURUARI RA SIPIMUARI ,FOOD,29.9,-23.622995,-46.699204
950,ISIM ,GOOD,49.9,-23.579067,-46.594006
951,GRIMEVASAIM ,FOOD,29.9,-23.579067,-46.594006
952,GRIMEVASAIM ,FOOD,29.9,-23.563758,-46.652621
953,GRIME CRU ,FOOD,29.9,-23.561121,-46.666602
955,CIRIROI U CAI ,GOOD,,-22.926904,-43.572533
960,GRIME CRU ,FOOD,29,-23.579067,-46.594006
961,PIGUE PIPACO ,GOOD,49.9,-23.550407,-46.721291
964,GRIME CRU ZAGAUMAPILAS ,FOOD,29.9,-23.54166,-46.657483
965,GRIME CRU ,FOOD,29.9,-23.603557,-46.657894
966,CIRIROI U CAI ,GOOD,49,-22.97315,-43.370811
967,GRIME CRU VALI MIVI CIMCUAMOI ,FOOD,29.9,-23.595215,-46.666397
968,GRIME CRU AMIARO CIRUSI  ,FOOD,29.9,-23.586689,-46.67986
975,IEPISMI ,GOOD,49,-30.085743,-51.245997
976,PAZZI ROIE MIPILAPACO ,GOOD,49,-30.085743,-51.245997
977,PRIMZURS RUSMIURIMA U PAZZIRAI ,GOOD,49,-30.085743,-51.245997
978,ZUPULAR MUC ,FOOD,29.9,-23.515421,-46.665322
983,LUPIMUIM ,GOOD,49,-22.97315,-43.370811
984,GIPUMZIGUM ,FOOD,,-23.579067,-46.594006
989,GRIME CRU ,FOOD,29,-30.085743,-51.245997
995,ROGLISS ICUSSARAIS ,FOOD,29,-23.631835,-46.735203
997,PIEURISI MAROI ,FOOD,29,-23.579067,-46.594006
998,TRAZ LOURA RIRMAM ,GOOD,49,-22.996848,-43.361197
999,LUCITA ,GOOD,49,-22.97315,-43.370811
1000,PAI RUMOU ,FOOD,49,-22.996848,-43.361197
1001,PEUIM GAMTRAM ,GOOD,49.9,-23.563758,-46.652621
1002,OIGIPUARO ,GOOD,49.9,-22.996848,-43.361197
1003,ZIVIMUI ,FOOD,29,-23.561053,-46.558976
1006,PUGUM ,FOOD,29.9,-23.570765,-46.642043
1008,PUGUM ,FOOD,29.9,-23.561053,-46.558976
1009,CIPIMI PURGUR ,GOOD,49.9,-22.996848,-43.361197
1010,CICIU SZIS ,FOOD,49,-23.020709,-43.4897
1014,OUMGA ,FOOD,29,-23.631835,-46.735203
1015,MUMRIFAM ,FOOD,29.9,-23.658852,-46.737876
1016,PIPS ,GOOD,49,-30.085743,-51.245997
1018,ICI EU SIVEMI ,GOOD,49,-30.085743,-51.245997
1019,CISI PIUEUEMI ,FOOD,49,-22.996848,-43.361197
1022,RIRIMI ,FOOD,29,-23.561053,-46.558976
1025,IMUI PUGIVI ,FOOD,29,-23.528072,-46.731195
1026,AIEMAMIMU IU PRUSEM,FOOD,29.9,-23.001696,-43.386494
1027,LIFM ,FOOD,,-23.579067,-46.594006
1029,UVURUSM ,FOOD,29.9,-23.515578,-46.665665
1034,GRIME CRU ,FOOD,29.9,-22.964613,-43.220246
1037,IUMPICA ,GOOD,,-22.97315,-43.370811
1041,GIPUMZIGUM ,FOOD,49.9,-23.563758,-46.652621
1042,FRUEOU ,GOOD,49,-30.085743,-51.245997
1044,ZIVIMUI ,FOOD,29,-30.085743,-51.245997
1056,RIOZ ,GOOD,49,,
1057,IUMPICA ,GOOD,,-30.085743,-51.245997
1061,SMIMCU ,FOOD,29,-23.579067,-46.594006
1064,GRIME CRU ,FOOD,49,-22.921475,-43.234822
1071,VIRIMOU ,FOOD,29.9,-23.570765,-46.642043
1076,SUMIR SIMMPE ,GOOD,49,-22.996848,-43.361197
1080,AIEMAMIMU IU PRUSEM,FOOD,29.9,-22.94733,-43.183534
1082,LIEMAMIMU IU PRUSEM,FOOD,29.9,-22.97315,-43.370811
1083,CISI PIUEUEMI ,FOOD,29.9,-23.622995,-46.699204
1084,CISI PIUEUEMI ,FOOD,29.9,-23.595775,-46.685984
1091,SALITO ,FOOD,29.9,-22.996848,-43.361197
1092,SALITO ,FOOD,29,-22.94733,-43.183534
1093,SALITO ,FOOD,29,-30.085743,-51.245997
1095,SALITO ,FOOD,29,-23.001696,-43.386494
1096,SALITO ,FOOD,29,-22.921475,-43.234822
1097,SALITO ,FOOD,29.9,-23.595775,-46.685984
1098,SALITO ,FOOD,29,-23.579067,-46.594006
1099,SALITO ,FOOD,29,-23.561053,-46.558976
1101,SALITO ,FOOD,29.9,-23.563758,-46.652621
1103,SALITO ,FOOD,29,-23.622995,-46.699204
1104,SALITO ,FOOD,,-22.887521,-43.283366
1105,SALITO ,FOOD,29,-23.570765,-46.642043
1106,SALITO ,FOOD,29,-23.550407,-46.721291
1107,SR SIGIRIMI ,GOOD,49,-23.550407,-46.721291
1114,RIMAI EU TRAPRISCI ,GOOD,49.9,-22.97315,-43.370811
1117,PIPULIRAI RIGMALAI ,FOOD,29,-23.550407,-46.721291
1118,PRISEMCICIU ,FOOD,29,-22.97315,-43.370811
1119,ISIM O RIRARIRA ,GOOD,,-23.595775,-46.685984
1120,GIPUMZIGUM ,FOOD,29,-23.622995,-46.699204
1121,PRISEMCICIU ,FOOD,29,-22.996848,-43.361197
1122,MPECILIMUS PRISEMCICIU ,FOOD,29,-23.622995,-46.699204
1123,SIRSUMG ,FOOD,,-22.921475,-43.234822
1125,PIZ RUSMIURIMA ,GOOD,49,-30.085743,-51.245997
1127,CIRIROI U CAI ,GOOD,49,-23.020709,-43.4897
1128,ZIVIMUI ,FOOD,29.9,-23.599551,-46.636755
1141,CISI RUVAVI ,FOOD,29,-23.550407,-46.721291
1143,GRORAI RIMAI ,FOOD,49,-29.972736,-51.195821
1146,MZU PIEO SZIP ,FOOD,29.9,-23.579067,-46.594006
1150,PASCIAMU ,GOOD,49.9,-23.563758,-46.652621
1152,CISI DA PILIP ,GOOD,29,-22.922908,-43.2349
1153,RIMAI EU TRAPRISCI ,GOOD,49,-22.887521,-43.283366
1154,ILRU ,FOOD,29.9,-23.622995,-46.699204
1157,CISI OUS CACIS ,FOOD,29,-23.622995,-46.699204
1160,MPECILIMRIS CAOUEU PIASI ,FOOD,49,-30.03821,-51.2217
1161,CZALLA PUIMS ,FOOD,,-23.631835,-46.735203
1162,SIU SIU EUSAGM ,FOOD,29,-22.887521,-43.283366
1163,PA PISACI ,FOOD,29,-23.579067,-46.594006
1164,GAIVIMUI PIPO ,FOOD,29,-23.563758,-46.652621
1165,USIFLUS ,FOOD,29,-23.599551,-46.636755
1166,RIGAC FAM ,FOOD,29,-23.579067,-46.594006
1167,SIMUI LIMOI ,FOOD,29,-23.631835,-46.735203
1175,LUVA S ,FOOD,,-23.631835,-46.735203
1187,IRUZZI ,FOOD,29,,
1199,CISI RUVAVI ,FOOD,29,-23.631835,-46.735203
1204,GRIME CRU ,FOOD,,,
1205,ZIPU ,FOOD,29,-23.561053,-46.558976
1208,RUSMIURIMA RIRIOU ,GOOD,49,-23.020709,-43.4897
1210,RIGU I CIGU ,GOOD,49,-23.561506,-46.668456
1213,AMACIS CIRIA,FOOD,29.9,-23.550407,-46.721291
1214,CRICS ,FOOD,29,-23.550407,-46.721291
1215,CRICS ,FOOD,29,-23.599551,-46.636755
1218,PALLO MZU GRALA,GOOD,49.9,-22.996848,-43.361197
1220,R RIRMIM ,FOOD,29,-23.579067,-46.594006
1224,SSIRIVSGA ,FOOD,,-23.631835,-46.735203
1230,MZU PIEO SZIP ,FOOD,29,-23.622995,-46.699204
1232,AMUARASSARA ,FOOD,,-23.579067,-46.594006
1233,PIUMCU CIRPIMO ,FOOD,29,-30.029656,-51.217429
1235,MIARO ZALFAGUR ,FOOD,29,-23.579067,-46.594006
1236,VACMIR ZUGI ,FOOD,29.9,-23.579067,-46.594006
1237,SIRLE MUMUAS ,FOOD,29.9,-23.579067,-46.594006
1238,ZURAMG GAES ,FOOD,29.9,-23.579067,-46.594006
1239,RULASSI ,FOOD,29.9,-23.579067,-46.594006
1242,IMICIPRA ,FOOD,29.9,-22.97315,-43.370811
1246,PUGUM ,FOOD,29,-23.631835,-46.735203
1247,PAGAES ,FOOD,29.9,-23.570765,-46.642043
1254,PUMAM MAMA ,FOOD,29,-23.631835,-46.735203
1259,PUGUM ,FOOD,29.9,-23.563758,-46.652621
1263,RAMASI ,FOOD,29,-23.579067,-46.594006
1271,IPIQA ,FOOD,,-23.550407,-46.721291
1272,PAPA CILMIOUS ,FOOD,29.9,-22.996848,-43.361197
1273,MRICA E FAULE ,FOOD,29.9,-22.97315,-43.370811
1274,MZU PIEO SZIP ,FOOD,29,-23.595775,-46.685984
1276,USIFLUS ,FOOD,29.9,-22.97315,-43.370811
1278,PAPA CILMIOUS ,FOOD,29.9,-22.97315,-43.370811
1279,PAPA CILMIOUS ,FOOD,29.9,-22.921475,-43.234822
1280,RIRIMI ,FOOD,29.9,-23.579067,-46.594006
1283,SSIRIVSGA ,FOOD,29,-23.622995,-46.699204
1288,STRAMZ ,FOOD,29,-23.631835,-46.735203
1290,SSIRIVSGA ,FOOD,29,-23.563758,-46.652621
1292,SIRSUMG ,FOOD,,,
1293,SIRSUMG ,FOOD,29,-22.97315,-43.370811
1300,OIGAMA ,FOOD,29,-23.561053,-46.558976
1303,LIMI EU FAMI PASU ,FOOD,,-22.887521,-43.283366
1304,OIGAMA ,FOOD,29,-23.570765,-46.642043
1307,GIMA ,GOOD,49.9,-22.921475,-43.234822
1314,OIGAMA ,FOOD,29,-23.622995,-46.699204
1317,USPIMI PRIMI ,FOOD,49,-23.631835,-46.735203
1318,PRIMIUVI,FOOD,29,-23.579067,-46.594006
1321,PUPALU GALA,GOOD,49,-23.631835,-46.735203
1324,PAZZI PIRPACO ,GOOD,,-30.038145,-51.20352
1325,EUCI SGAM ,FOOD,29.9,-23.629826,-46.735203
1330,R RIRMIM ,FOOD,,-23.631835,-46.735203
1332,SR MIPICIRAI ,FOOD,29,-22.996848,-43.361197
1333,SUMSARAI ,FOOD,29,-22.996848,-43.361197
1335,ILUIMIRO ,FOOD,29,-22.921475,-43.234822
1338,OIGPUARO ,GOOD,49.9,-23.631835,-46.735203
1344,CAI RIRAMARI ,FOOD,,-23.631835,-46.735203
1345,CAI RIRAMARI ,FOOD,29,-23.561053,-46.558976
1378,SSIRIVSGA ,FOOD,,-23.579067,-46.594006
1381,ILUIMIRO ,FOOD,,-22.887521,-43.283366
1383,UMALACISI ,FOOD,29,-22.887521,-43.283366
1395,IUMZUMUAC FAM ,FOOD,,-23.550407,-46.721291
1397,IRM SILG ,FOOD,29,-23.550407,-46.721291
1399,RUSU ,GOOD,0,-30.038145,-51.20352
1401,SUPUR GRALA,GOOD,49.9,-23.622995,-46.699204
1404,GAIVIMUI PIPO ,FOOD,29.9,-23.631667,-46.735203
1406,SUPUR GRALA,GOOD,49.9,-23.563758,-46.652621
1409,PAMACIS ,FOOD,29.9,-23.599551,-46.636755
1411,CIRACIOU ,FOOD,29.9,-23.561053,-46.558976
1412,ISZUI ,FOOD,29.9,-23.561053,-46.558976
1413,LUVAES ,FOOD,29,-22.996848,-43.361197
1415,LUVAES ,FOOD,29,-22.921475,-43.234822
1416,LUVAES ,FOOD,29,-22.887521,-43.283366
1419,PLIMUMIO ,FOOD,29.9,-22.921475,-43.234822
1428,SILAMIS ,FOOD,,-22.921475,-43.234822
1431,UMACAU ,FOOD,29,-22.996848,-43.361197
1432,LUPI ,FOOD,,-23.579067,-46.594006
1433,RIOPULLAMU ,FOOD,29.9,-23.579067,-46.594006
1435,USIFLUS ,FOOD,29.9,-22.921475,-43.234822
1437,EULIRUM ,FOOD,29.9,-22.996848,-43.361197
1438,RIOPULLAMU ,FOOD,29.9,-22.887521,-43.283366
1442,AIEMAMIMU IU PRUSEM,FOOD,29.9,-23.631835,-46.735203
1454,RUGI SMIRU CICIU SZIS ,FOOD,29.9,-30.085743,-51.245997
1455,CICIU SZIS ,FOOD,29.9,-23.622995,-46.699204
1458,RUGI SMIRU CICIU SZIS ,FOOD,29.9,-23.561053,-46.558976
1460,CIARUM SMUOLUMS ,FOOD,29.9,-23.561053,-46.558976
1473,PILRUARIS SMIRU ,FOOD,29,-23.579067,-46.594006
1474,IMICIPRA ,FOOD,29,-23.579067,-46.594006
1477,CLUPU RULASSI ,FOOD,29,-22.887521,-43.283366
1482,SSIRIVSGA ,FOOD,29.9,-22.998897,-43.3371057
1492,ZURAMG CIPICIPIMI ,FOOD,29.9,-22.972848,-43.188259
1495,ZURAMG CIMUMU ,FOOD,29.9,-22.930807,-43.177547
1496,ZURAMG RAI SUA,FOOD,29.9,-22.956842,-43.176536
1497,ZURAMG ,FOOD,29.9,-22.982371,-43.361246
1498,ZURAMG IRURACIS ,FOOD,29.9,-22.973898,-43.367431
1507,ZURAMG CUMURI ,FOOD,29.9,-22.902939,-43.179809
1508,IMACIS CIRIA,FOOD,,-22.921475,-43.234822
1512,VAI RAI ,FOOD,29,-22.921475,-43.234822
1515,AIEMAMIMU IU PRUSEM,FOOD,29.9,-23.579067,-46.594006
1519,IPIQA ,FOOD,29.9,-23.563758,-46.652621
1520,IPIQA ,FOOD,29.9,-23.570765,-46.642043
1528,EULARAI MRIPACIA,GOOD,49.9,-22.996848,-43.361197
1529,ÂRPIR PILMACI ,FOOD,,-23.599551,-46.636755
1530,SUPSIO ,GOOD,49,-30.085743,-51.245997
1538,CISI PIUEUEMI ,FOOD,49.9,-23.579067,-46.59282
1539,CISI PIUEUEMI ,FOOD,49.9,-23.550407,-46.721291
1551,PRIMGIPA,FOOD,,,
1556,PIPRU SUIM ,GOOD,49,-30.085743,-51.245997
1560,MUG ,FOOD,29,-23.599551,-46.636755
1568,EUCI SGAM ,FOOD,29,-23.579067,-46.594006
1571,EURECA MPECILIMUS ,FOOD,,-23.622995,-46.699204
1579,ILAVI ,GOOD,49,-22.996848,-43.359636
1583,LUVAES ,FOOD,29.9,-22.887521,-43.283366
1584,LUVAES ,FOOD,29,-22.94733,-43.183534
1586,EULARAI MRIPACIA,GOOD,49.9,-22.921475,-43.234822
1587,EULARAI MRIPACIA,GOOD,49.9,-22.97315,-43.370811
1589,R RIRMIM ,FOOD,29,-25.4412212,-49.27769
1590,ISZUI ,FOOD,29,-22.996848,-43.361197
1591,PUZAMZI E CAI ,FOOD,29,-23.579067,-46.594006
1594,CZAMULIMACIS ,FOOD,29,-22.927336,-43.572533
1600,PILRAPO ,FOOD,,-23.599551,-46.636755
1601,MIOURIOU ,FOOD,29,-23.595775,-46.685984
1602,MIOURIOU ,FOOD,29,-23.570765,-46.642043
1603,MIOURIOU ,FOOD,,-23.561053,-46.558976
1606,PIARIUARI,FOOD,,,
1607,EPOSIRPI ,FOOD,29,-22.887521,-43.283366
1608,CZALLA PUIMS LISI ,FOOD,29,-23.599551,-46.636755
1609,SIRSUMG ,FOOD,,-25.4412212,-49.27769
1610,SIRSUMG ,FOOD,,-25.438766,-49.266532
1612,SIRSUMG ,FOOD,,-25.4351398,-49.3167883
1620,META EASSU PURUMACU ,FOOD,29.9,-23.622995,-46.699204
1621,META EASSU PURUMACU ,FOOD,29.9,-22.996848,-43.361197
1622,META EASSU PURUMACU ,FOOD,29.9,-23.561053,-46.558976
1629,SIRLE MUMUAS ,FOOD,29,-23.570765,-46.642043
1630,PIR DA URSI ,FOOD,,-23.579067,-46.594006
1632,GRUGIRO ,FOOD,29,-23.599551,-46.636755
1633,PIRAGUAM,FOOD,,,
1634,ITAOUS ,FOOD,,-22.921475,-43.234822
1635,PIPCIRM GIUARUM ,GOOD,29,-23.507105,-46.718197
1636,PRUSUMA OUS IMSIS ,FOOD,29,-23.579067,-46.594006
1641,CIRACIOU ,FOOD,29.9,-23.570765,-46.642043
1642,CIRACIOU ,FOOD,29.9,-23.622995,-46.699204
1647,CIRACIOU ,FOOD,29.29,-25.4351398,-49.3167883
1649,PIRPALA ,FOOD,29.9,-25.4351398,-49.3167883
1661,PUGUM ,FOOD,29.9,-25.4351398,-49.3167883
1664,SPILUMI ,GOOD,49.9,-23.563758,-46.652621
1667,CLACAO SLARU ,FOOD,29,-25.4351398,-49.3167883
1674,VUSMUR ,FOOD,29,-23.622995,-46.699204
1679,CUMOIARAS ,FOOD,29.9,-23.599551,-46.636755
1680,MAP MIP ,FOOD,29.9,-25.4412212,-49.27769
1681,ZIM ME MUMEUR ,GOOD,49.9,-22.97315,-43.370811
1685,CUMOIARAS ,FOOD,29,-22.887521,-43.283366
1693,ACULIS MRAMIM ,FOOD,29,-23.599551,-46.636755
1696,SUPUR GRALA,GOOD,49.9,-23.579067,-46.594006
1704,MIUMSAU ,GOOD,49,-23.595775,-46.685984
1705,CIMRIM ,FOOD,29,-22.921475,-43.234822
1721,CIRACIOU ,FOOD,29.9,-22.996848,-43.361197
1723,CIRACIOU ,FOOD,29.9,-23.579067,-46.594006
1728,PASCIAMU ,GOOD,49.9,-23.579067,-46.594006
1729,CIRACIOU ,FOOD,29.9,-23.001696,-43.386494
1730,CIRACIOU ,FOOD,29.9,-22.921475,-43.234822
1739,CIMRIM ,FOOD,29,-22.996848,-43.361197
1745,PUGUM ,FOOD,29.9,-25.4412212,-49.27769
1748,SSIRIVSGA ,FOOD,29,-23.570765,-46.642043
1772,IMIUGA VUGIMI ,GOOD,,-22.996848,-43.361197
1784,EURECA ,FOOD,,-23.550407,-46.721291
1787,GRUGIRO ,FOOD,,-25.4351398,-49.3167883
1792,ASASS ,GOOD,49,-30.085743,-51.245997
1799,SARIVIGIMZI ,FOOD,29,-22.927336,-43.572533
1801,ZIPU ,FOOD,29.9,-23.599551,-46.636755
1804,RIRAI CISAMZI ,GOOD,,-30.038145,-51.20352
1814,I CISI DA PRUSI ,GOOD,,-22.887521,-43.283366
1816,RUGI CICIU SZIS ,FOOD,29.9,-25.4351398,-49.3167883
1820,PIRPALA ,FOOD,29.9,-23.561053,-46.558976
1822,PIRPALA ,FOOD,29,-23.622995,-46.699204
1833,ZUS ,FOOD,29,-22.921475,-43.234822
1835,PASCIAMU ,GOOD,49,-23.570765,-46.642043
1842,TRAPRAM POI ,GOOD,49.9,-22.887521,-43.283366
1844,RUGI SMIRU CICIU SZIS ,FOOD,29.9,-22.927336,-43.572533
1852,PILIMCUIOU ,GOOD,49,-30.085743,-51.245997
1855,CRICS ,FOOD,29,-23.020709,-43.4897
1867,CUMOIARAS ,FOOD,29,-23.622995,-46.699204
1872,CUMOIARAS ,FOOD,29,-23.563758,-46.652621
1873,CUMOIARAS QUAISQA ,FOOD,29,-23.563758,-46.652621
1874,CUMOIARAS ,FOOD,29,-23.570765,-46.642043
1875,CUMOIARAS ,FOOD,,-23.570765,-46.642043
1881,CUMOIARAS ,FOOD,29,-22.996848,-43.361197
1882,CUMOIARAS QUAISQA MO ,FOOD,29,-22.996848,-43.361197
1883,CIPIOURMU ,FOOD,,-23.631835,-46.735203
1888,ZIVIAIMIS ,FOOD,29,-23.579067,-46.594006
1899,VPUIUMO ,FOOD,29,-23.550407,-46.721291
1910,ARIGAMIRAUR ,FOOD,29,-23.599551,-46.636755
1911,USPIRMU FAMI SMIRU ,FOOD,29,-22.887521,-43.283366
1914,PIRMI DA SIPIR ,GOOD,49.9,-23.020709,-43.4897
1923,GUIAPUCI PURGUR ,GOOD,49.9,-30.038145,-51.20352
1924,VIMS ,FOOD,29,-22.996848,-43.361197
1925,I PIMACIRAI ,FOOD,29.9,-23.599551,-46.636755
1926,META EASSU PURUMACU ,FOOD,29.9,-23.599551,-46.636755
1928,SIZMUO RICAUMS ,GOOD,49.9,-25.4351398,-49.3167883
1930,USPUMUI CIRAICI ,GOOD,49.9,-22.996848,-43.361197
1940,PAMACIS ,FOOD,19.9,-23.631835,-46.735203
1964,LUEMIS MOIM ,FOOD,29,-22.887521,-43.283366
1967,RIRIMI ,FOOD,29.9,-25.4412212,-49.27769
1981,LIFM ,FOOD,,-22.887521,-43.283366
1984,SUSZAIGA ,GOOD,49.9,-25.4412212,-49.27769
1987,PIRPALA ,FOOD,29,-22.996848,-43.361197
1992,CZALLA PUIMS ,FOOD,29,-25.4412212,-49.27769
1996,META EASSU PURUMACU ,FOOD,29.9,-22.927336,-43.572533
1997,META EASSU PURUMACU ,FOOD,29.9,-22.94733,-43.183534
1999,META EASSU PURUMACU ,FOOD,29.9,-25.4412212,-49.27769
2002,META EASSU PURUMACU ,FOOD,29.9,-25.4351398,-49.3167883
2006,LUVAES ,FOOD,29,-22.94733,-43.183534
2007,ZIVIMUI ,FOOD,29.9,-23.563758,-46.652621
2008,META EASSU PURUMACU ,FOOD,29.9,-22.921475,-43.234822
2012,EURECA ,FOOD,29,-25.4351398,-49.3167883
2013,EURECA ,FOOD,29,-23.631835,-46.735203
2014,EURECA ,FOOD,29,-22.996848,-43.361197
2026,LU EUPAIMAR ,GOOD,49,-22.887521,-43.283366
2028,CZALLA PUIMS ,FOOD,29,-22.887521,-43.283366
2036,SUSZAIGA ,GOOD,49.9,-25.4351398,-49.3167883
2037,LUVAES ,FOOD,29,-23.595775,-46.685984
2043,IRUZZI ,FOOD,29.9,-23.631835,-46.735203
2047,LUVAS ,FOOD,29,-23.599551,-46.636755
2049,SIRLE MUMUAS ,FOOD,29.9,-23.599551,-46.636755
2050,IRUZZI ,FOOD,29.9,-23.579067,-46.594006
2052,AERUIR  ,FOOD,,-22.887521,-43.283366
2055,SIMUI LIMOI ,FOOD,29,-22.921475,-43.234822
2060,FIPRACI EA MPECILIMU ,GOOD,49.9,-25.4412212,-49.27769
2061,FIPRACI EA MPECILIMU ,GOOD,49.9,-25.438766,-49.266532
2070,PA PISACI ,FOOD,29.9,-23.631835,-46.735203
2073,PIMOURI ,FOOD,29,-23.550407,-46.721291
2074,PUPALU RAS ,GOOD,49.9,-25.438766,-49.266532
2078,MIRMUVAVI,FOOD,29.9,-22.887521,-43.283366
2079,ARIGAMIRAUR ,FOOD,29.9,-22.887521,-43.283366
2080,SIRGU PASMPEOL ,FOOD,29,-22.921475,-43.234822
2097,CICIU SZIS ,FOOD,29,-23.579067,-46.594006
2109,ZIVIAIMIS ,FOOD,29,-23.550407,-46.721291
2110,CRAIRAGIS ,FOOD,29,-23.622995,-46.699204
2112,PIMRIMA ,GOOD,49.9,-22.926904,-43.572533
2118,ZIPU ,FOOD,29,-22.921475,-43.234822
2136,CAI RIRAMARI ,FOOD,29.9,-23.622995,-46.699204
2137,RUSURVI ,FOOD,29.9,-23.579067,-46.594006
2138,QUAGSALVUR ,FOOD,29,-23.579067,-46.594006
2139,EAVAMI FIGOI ,GOOD,49.9,-23.579067,-46.59282
2142,ILZI I TRAPRIS ,GOOD,49.9,-25.4412212,-49.27769
2149,VUG U LUV ,GOOD,49.9,-25.4412212,-49.27769
2150,IRMU UR RUMILZIS ,FOOD,29,-23.631835,-46.735203
2156,RO PISMUAS ,GOOD,49.9,-25.4412212,-49.27769
2161,EAVAMI FIGOI ,GOOD,49.9,-23.595775,-46.685984
2167,CIPIOURMU ,FOOD,29,-23.570765,-46.642043
2168,IMICIPRA ,FOOD,29.9,-23.599551,-46.636755
2169,AMACI RAMIMA ,FOOD,,-23.631835,-46.735203
2170,SIZMUO RICAUMS ,GOOD,49.9,-23.507105,-46.718197
2181,LILI CISRUMACS ,FOOD,29,-22.887521,-43.283366
2188,RO PISMUAS ,GOOD,49.9,-25.4351398,-49.3167883
2189,RO PISMUAS ,GOOD,49.9,-25.438766,-49.266532
2193,RIOPULLAMU ,FOOD,,-23.550407,-46.721291
2198,AZASSARI ,FOOD,29,-22.887521,-43.283366
2211,IMRISFURI SPIRM MUMRAMAIM ,FOOD,29.9,-22.97315,-43.370811
2216,PAMACIS ,FOOD,29.9,-22.94733,-43.183534
2221,MUG ,FOOD,29,-23.579067,-46.594006
2229,MUG ,FOOD,29,-25.438766,-49.266532
2233,MAP MIP ,FOOD,29.9,-23.629826,-46.735203
2244,PUGUM ,FOOD,29.9,-23.599551,-46.636755
2249,EU POI MI ILRIMI ,GOOD,0,-22.996848,-43.359636
2257,LOI CISROMACIS ,FOOD,29,-25.438766,-49.266532
2260,CZALLA PUIMS ,FOOD,29,-25.4351398,-49.3167883
2261,LOI CISROMACIS ,FOOD,29,-25.4412212,-49.27769
2264,MAP MIP ,FOOD,,-23.579067,-46.594006
2267,SIZ DA IMIA ,GOOD,49.9,-23.599551,-46.636755
2270,LIGGAPLUS,GOOD,,,
2274,LILI CISRUMACS ,FOOD,,-23.622995,-46.699204
2275,LILI CISRUMACS ,FOOD,29,-22.996848,-43.361197
2276,LILI CISRUMACS ,FOOD,29,-23.595775,-46.685984
2278,IPA EMUOU ,FOOD,,,
2292,AIEMAMIMU IU PRUSEM,FOOD,29,-23.507105,-46.718197
2306,ZIVIAIMIS ,FOOD,,-22.887521,-43.283366
2311,PAGAES ,FOOD,29.9,-22.887521,-43.283366
2313,IPALUPAES ,GOOD,49,-30.085743,-51.245997
2317,SIRSUMG ,FOOD,0,-23.507105,-46.718197
2326,CLUPU RULASSI ,FOOD,,-23.507105,-46.718197
2354,RIOIAMRUEUA,GOOD,49.9,-22.887521,-43.283366
2355,URPARAI IEUGI PULIMIS ,FOOD,29,-23.581713,-46.64582
2356,CAI RIRAMARI ,FOOD,29.9,-22.921475,-43.234774
2390,SIRLE MUMUAS ,FOOD,,-22.921475,-43.234822
2398,EAVAMI FIGOI ,GOOD,49.9,-23.622995,-46.699204
2400,CLUPU RULASSI ,FOOD,29.9,-25.477073,-49.28966
2403,CLUPU RULASSI ,FOOD,,-25.438766,-49.266532
2404,CLUPU RULASSI ,FOOD,29.9,-25.4412212,-49.27769
2413,RE GULIMURAI ,GOOD,,-22.927336,-43.572533
2414,CAI DA PUERI ,FOOD,29,-25.477073,-49.28966
2425,CMS ,FOOD,,-23.579067,-46.594003
2429,PUPALU RAS MUI ,GOOD,,-25.4351398,-49.3167883
2432,MUMUO PIVIRAIM ,GOOD,29.9,-25.438766,-49.266532
2433,MUMUO PIVIRAIM ,GOOD,29.9,-25.477073,-49.28966
2434,MZU PIEO SZIP ,FOOD,,-25.477073,-49.28966
2436,ZURAMG GAES ,FOOD,29.9,-25.477073,-49.28966
2439,PAZZI ZUM ,GOOD,49.9,-23.507105,-46.718197
2447,CISIS PUERI ,FOOD,29.9,-22.886774,-43.283164
2451,SUSMAMA ,FOOD,,-22.887521,-43.283366
2459,EUCI SGAM ,FOOD,29,-25.4351398,-49.3167883
2463,RIRG LISUR PURSIMILAMO ,FOOD,,-25.477073,-49.28966
2465,CIMSMIMCU ,FOOD,,-23.595775,-46.685984
2466,LUVAES ,FOOD,,-23.507105,-46.718197
2468,AIEMAMIMU IU PRUSEM,FOOD,29.9,-23.563758,-46.652621
2471,SIRSUMG ,FOOD,,-25.477073,-49.28966
2479,IRUZZI ,FOOD,29.9,-23.507105,-46.718197
2480,CLUPU RULASSI ,FOOD,29,-23.622995,-46.699204
2482,LICISMU ,FOOD,29,-23.631835,-46.735203
2489,CIRACIOU ,FOOD,29.9,-25.477073,-49.28966
2500,CEI ,FOOD,,-22.927336,-43.572533
2505,IRUZZI ,FOOD,29,-22.887521,-43.283366
2518,EUCI SGAM QUAISQA ,FOOD,29,-23.550407,-46.721291
2529,EUCI SGAM ,FOOD,29,-23.622995,-46.699204
2541,GIMA ,GOOD,49,-22.927336,-43.572533
2542,EUCI SGAM ,FOOD,29,-22.996848,-43.361197
2543,EUCI SGAM ,FOOD,29,-22.996848,-43.35981
2545,EUCI SGAM ,FOOD,29,-23.561053,-46.558976
2559,PIARU ,GOOD,,-22.927336,-43.572533
2583,PRURAIMUI ,GOOD,49.9,-25.4412212,-49.27769
2587,PEC PILIS ,GOOD,49,-25.477073,-49.28966
2595,USPIRMU FAMI SMIRU ,FOOD,,-22.921475,-43.234774
2604,GIPUMZIGUM ,FOOD,,-23.550407,-46.721291
2640,CZALLA PUIMS ,FOOD,29,-23.622995,-46.699204
2645,GRIME CRU ,FOOD,29.9,-23.629826,-46.735203
2658,LUI CISRUMACIS ,FOOD,29,-25.477073,-49.28966
2661,RALGLIMEAI ,FOOD,29,-25.477073,-49.28966
2664,ZIVIMUI ,FOOD,29,-25.477073,-49.28966
2700,MZU SUACU LIP ,GOOD,49.9,-23.563758,-46.652621
2703,MPECILIMUS PRISEMCICIU ,FOOD,29,-25.477073,-49.28966
2710,ZIVIAIMIS ,FOOD,29,-25.477073,-49.28966
2730,TRAF VURGO ,GOOD,49,-25.4351398,-49.3167883
2732,RO PRISMAUS ,GOOD,49,-22.96988,-43.370811
2734,PALLO MZU GRALA,GOOD,49.9,-22.926904,-43.572533
2749,PALLO PURGAR ,GOOD,49.9,-22.927336,-43.572533
2754,IMO IMO ,FOOD,29,-23.595215,-46.685984
2756,IMO IMO ,FOOD,29,-23.561053,-46.558976
2764,RUG ICUSSIRAIS AMFIMUAS ,FOOD,29,-25.4351398,-49.3167883
2785,GIPUMZIGUM ,FOOD,29,-23.507105,-46.718197
2800,LIVAM ,FOOD,29,-25.477073,-49.28966
2812,EAVAMI FIGOI ,GOOD,49.9,-23.629826,-46.735203
2816,IMO IMO ,FOOD,29.9,-23.622995,-46.699204
2836,RO COIGAUS ,GOOD,49,-25.477073,-49.28966
2861,CISI PIUEUEMI ,FOOD,29,-25.4351398,-49.3167883
2863,URPIRAI USSUMZI ,FOOD,29.9,-30.085743,-51.245997
2872,RALGLIMEAI ,FOOD,29.9,-22.887521,-43.283366
2888,CISI PIUEUEMI ,FOOD,0,-25.477073,-49.28966
2891,CISAMZI LIVURS ,GOOD,49,-25.477073,-49.28966
2894,LIVAIM ,GOOD,49.9,-25.438766,-49.266532
2904,OUMZIZ ,FOOD,29,-22.921475,-43.234822
2908,IPALUPAES ERAMGS ,GOOD,49.9,-30.085743,-51.245997
2917,RIOPULLAMU ,FOOD,29,-23.599551,-46.636755
2933,CISI PIUEUEMI ,FOOD,,-22.921475,-43.234822
2948,GUIRGUES ,GOOD,49.9,-25.438766,-49.266532
2954,MICI PULA,GOOD,0,-23.561053,-46.558976
2955,MICI PULA,GOOD,0,-22.996848,-43.35981
2956,MICI PULA,GOOD,49.9,-22.94733,-43.183534
2958,MICI PULA,GOOD,0,-22.96988,-43.370811
2959,MICI PULA,GOOD,0,-23.579067,-46.594006
2960,MICI PULA,GOOD,0,-23.622995,-46.699204
2962,MICI PULA,GOOD,0,-23.5707484,-46.642043
2963,MICI PULA,GOOD,0,-23.599551,-46.636755
2964,MICI PULA,GOOD,0,-22.921475,-43.234822
2971,AR FAM ,GOOD,49,-22.926904,-43.572533
2980,SUSZAIGA ,GOOD,49.9,-25.477073,-49.28966
3000,PIUARUR ,FOOD,29,-25.438766,-49.266532
3001,RULMACIASIS ,FOOD,29.9,-25.4412212,-49.27769
3008,FRUG FRIZUM ,GOOD,49.9,-25.477073,-49.28966
3012,CISI PIUEUEMI ,FOOD,29.9,-25.4412212,-49.27769
3016,RO PRISMAUS ,GOOD,49.9,-22.94733,-43.183534
3019,CISI PIUEUEMI ,FOOD,29,-23.561053,-46.558976
3021,CISI PILIME ,FOOD,49.9,-25.4412212,-49.27769
3048,CRUPULICOS ,GOOD,49.9,-22.96988,-43.370811
3060,PIGUE PIPACO ,GOOD,49.9,-23.561053,-46.558976
3062,CISI PIUEUEMI ,FOOD,29,-23.570169,-46.642043
3063,RIARIMUA,FOOD,29,-22.996848,-43.359636
3068,PIGUE PIPACO ,GOOD,49.9,-23.507105,-46.718197
3070,PIGUE PIPACO ,GOOD,49.9,-23.599551,-46.636755
3071,PIGUE PIPACO ,GOOD,49.9,-23.631835,-46.735203
3077,PIP RU ,FOOD,29.9,-25.477073,-49.28966
3091,PIGUE PIPACO ,GOOD,49.9,-23.570765,-46.642043
3097,PIGUE PIPACO ,GOOD,49.9,-23.563758,-46.652621
3105,PIGUE PIPACO ,GOOD,49.9,-23.622995,-46.699204
3117,PIPS ,GOOD,49.9,-22.921475,-43.234822
3128,GAMGS ,FOOD,29.9,-22.996848,-43.359636
3162,RULMACIASIS ,FOOD,29.9,-23.507105,-46.718197
3172,ZIVIMUI ,FOOD,29,-25.4351398,-49.3167883
3182,MAR ,FOOD,29,-22.927336,-43.572533
3183,MAR ,FOOD,29,-22.921475,-43.234822
3185,MAR ,FOOD,29,-22.887521,-43.283366
3218,RUG ICUSSIRAIS AMFIMUAS ,FOOD,39,-23.622995,-46.699204
3222,PIRMI DA SIPIR ,GOOD,49.9,-22.996848,-43.361197
3230,SUSZA OIRI ,GOOD,49,-25.438766,-49.266532
3254,PIMOURUA,GOOD,49,-23.595775,-46.685984
3265,EAVAMI FIGOI ,GOOD,49.9,-23.507105,-46.718197
3279,SALITO ,FOOD,29,-25.4351398,-49.3167883
3284,MZU PIEO SZIP ,FOOD,29.9,-23.629826,-46.735203
3285,MZU PIEO SZIP ,FOOD,29.9,-23.570169,-46.642043
3296,PRAGIEURAI ,GOOD,49,-23.561053,-46.558976
3322,USPIMI RUPRI MUGRI ,FOOD,29.9,-22.887521,-43.283366
3324,LIS RUS ,GOOD,49,-30.085743,-51.245997
3325,META EASSU PURUMACU ,FOOD,29,-23.579067,-46.59282
3365,RIOPULLAMU ,FOOD,29,-23.629826,-46.735203
3370,PUGUM ,FOOD,29,-23.595775,-46.685984
3388,SURIMRI ,FOOD,29,-25.4412212,-49.27769
3393,UV LAMU ,FOOD,29,-22.996848,-43.359636
3394,UV LAMU ,FOOD,29,-22.921475,-43.234822
3401,FRUEOU ,GOOD,49.9,-25.4412212,-49.27769
3402,FRUEOU ,GOOD,49,-25.4351398,-49.3167883
3403,FRUEOU ,GOOD,49,-25.477073,-49.28966
3404,FRUEOU ,GOOD,49.9,-25.438766,-49.266532
3405,PAMOIPIMG ,FOOD,29.9,-23.622995,-46.699204
3406,QUAGSALVUR ,FOOD,29.9,-22.996848,-43.359636
3412,RO PISMUAS ,GOOD,49.9,-25.477073,-49.28966
3418,IMACIS CIRIA,FOOD,29.9,-23.570169,-46.642043
3420,MZU PIEO SZIP ,FOOD,29.9,-22.94733,-43.183534
3422,EURECA ,FOOD,,-30.0374149,-51.20352
3432,RIOPULLAMU ,FOOD,29,-25.4412212,-49.27769
3433,GRIME CRU ,FOOD,29,-22.887521,-43.283366
3434,I PIMACIRAI ,FOOD,29,-23.579067,-46.59282
3450,GIMAMI ,GOOD,,-22.887521,-43.283366
3451,PUGUM ,FOOD,29,-23.507105,-46.718197
3460,CIRIOURI PURGAR ,GOOD,29,-25.477073,-49.28966
3468,RIVUMOI MRIMUIRAI ,GOOD,49,-25.477073,-49.28966
3490,IMO IMO ,FOOD,29,-23.570765,-46.642043
3491,IMO IMO ,FOOD,29,-23.631835,-46.735203
3492,IMO IMO ,FOOD,29,-23.599551,-46.636755
3493,IMO IMO ,FOOD,29,-23.579067,-46.594006
3497,IMO IMO ,FOOD,29,-23.563758,-46.652621
3498,IMO IMO ,FOOD,29,-23.507105,-46.718197
3500,MIA ,GOOD,29,-22.887521,-43.283366
3509,GASSA ,GOOD,49.9,-22.927336,-43.572533
3510,PAIRUMOU ,FOOD,29.9,-22.887521,-43.283366
3512,GOI SIPIMUSU ,GOOD,49,-25.477073,-49.28966
3528,ZIM M MUMEUR ,GOOD,49.9,-22.927336,-43.572533
3530,PRIMI U IRMU ,FOOD,29,-25.4412212,-49.27769
3535,CZALLA PUIMS ,FOOD,29,-23.570765,-46.642043
3541,SUGIR PIGURO ,GOOD,49,-25.4351398,-49.3167883
3546,RIUSSUCIGU ,GOOD,49,-23.507105,-46.718197
3553,ILUMGI PRISMAUS ,FOOD,29,-22.887521,-43.283366
3588,IRUZZI ,FOOD,49,-22.97315,-43.370811
3595,IASZPILITA ,GOOD,49.9,-25.4412212,-49.27769
3609,ZIZULO ,FOOD,29,-25.438766,-49.266532
3612,IMIA CIMCUPM ,GOOD,29,-30.085743,-51.245997
3615,GAIVIMUI PIPO ,FOOD,29,-23.579067,-46.594006
3625,CIPRU ,GOOD,49,-22.887521,-43.283366
3627,O GARI! ,GOOD,49,-22.887521,-43.283366
3631,GIPUMZIGUM ,FOOD,29,-22.921475,-43.234822
3639,SUCOI LIMTRAS ,GOOD,49,-23.550407,-46.721291
3641,MRUS GIROUS ,GOOD,49,-22.887521,-43.283366
3644,ASOI ,GOOD,29,-25.477073,-49.28966
3646,ZIZULO ,FOOD,29,-25.4412212,-49.27769
3648,PAMACIS ,FOOD,29.9,-22.921475,-43.234822
3688,SIFASMAQA ,FOOD,29,-23.550407,-46.721291
3694,VALLUES CIOLA E CIGU CIE ,GOOD,,-22.927336,-43.572533
3711,RIRAI IMIA ,GOOD,49,-25.4351398,-49.3167883
3712,RIRAI IMIA ,GOOD,49,-25.477073,-49.28966
3721,PUPALUGALA,GOOD,49.9,-23.622995,-46.699204
3723,CZALLA PUIMS QSQ ,FOOD,29,-23.599551,-46.636755
3728,MU PURGAR ,GOOD,,-22.887521,-43.283366
3752,PRIGRIR ,FOOD,29,-23.54150197,-46.57671799
3766,MRIRI LIP ,FOOD,29,-23.550407,-46.721291
3767,PIARUGGAI ,GOOD,49,-23.54150197,-46.57671799
3770,OUR ZOLAI ,GOOD,49,-22.927336,-43.572533
3778,PAZZI ZUM ,GOOD,49.9,-23.579067,-46.594006
3780,SIZMUO RICAUMS ,GOOD,49.9,-25.477073,-49.28966
3804,TRAPRAM POI ,GOOD,49,-23.507105,-46.718197
3808,SPICU CISU ,FOOD,,-25.477073,-49.28966
3821,PIRMI DA SIPIR ,GOOD,49,-22.97315,-43.370811
3822,SITAO OUCUS ,GOOD,49,-23.507105,-46.718197
3832,GIOUG ,FOOD,29.9,-23.550407,-46.721291
3835,MUG ,FOOD,29,-19.8753564,-43.9252624
3847,IRIR OIS PUOUMIS ,GOOD,49,-23.54150197,-46.57671799
3862,SIRSUMG ,FOOD,0,-23.622995,-46.6986074
3884,IRUZZI ,FOOD,29,-22.996848,-43.361197
3902,CIRIRIOU CIRIROI ,GOOD,49.9,-23.563758,-46.652621
3916,PIPS ,GOOD,0,-25.477073,-49.28966
3919,SALVAI OURAMG ,FOOD,29,-25.4412212,-49.27769
3920,PUPALUGALA,GOOD,49,-23.570765,-46.642043
3930,PALLO MZU GRALA,GOOD,49.9,-23.020709,-43.4897
3935,MRAIRAEMA ,GOOD,49,-25.4351398,-49.28966
3936,MIUMSAU ,GOOD,49,-23.51525271,-46.6183535
3937,MRAIRAEMA ,GOOD,49,-25.4351398,-49.3167883
3938,SFAZI GRALA,GOOD,49,-25.4351398,-49.3167883
3943,GARIOLIS ,GOOD,49,-25.4351398,-49.3167883
3961,OULU! RUSACIMI ,GOOD,49.9,-22.996848,-43.361197
3965,PAZZI ZUM ,GOOD,49.9,-23.595775,-46.685984
3966,PAZZI ZUM ,GOOD,49.9,-23.51525271,-46.6183535
3968,POILA ,GOOD,49,-23.5133533,-46.6183535
3973,GRIME CRU ,FOOD,29.9,-23.5133533,-46.6183535
3984,VAOU SIUOUVUA,GOOD,49,-23.5133533,-46.6183535
3986,VUGIM LIVURS ,GOOD,49,-23.5155164,-46.6183535
3987,POI ILARUMUIMOI ,GOOD,49,-23.5133533,-46.6183535
3995,USIFLUS ,FOOD,29,-23.51525271,-46.6183535
3996,PASCIAMU ,GOOD,49,-23.51525271,-46.6183535
4002,IMIA VAMOI RISI ,GOOD,49,-25.4412212,-49.27769
4003,EA POILI ,GOOD,49,-23.51525271,-46.6183535
4009,CILVAM GLUAM ,FOOD,29.9,-23.579067,-46.594006
4012,CICI PIRPU ,GOOD,0,-22.887521,-43.283366
4015,GARIOLIS ,GOOD,49,-23.507105,-46.718197
4016,FACZAPS ,GOOD,49,-23.51525271,-46.6183535
4022,RALGLIMEAI ,GOOD,49,-22.94733,-43.183534
4023,RALGLIMEAI ,GOOD,49,-22.921475,-43.234822
4025,RIARIZAMI ,GOOD,49.9,-23.507105,-46.718197
4026,RIARIZAMI ,GOOD,49.9,-23.570765,-46.642043
4058,MICI PULA,GOOD,49,-23.51525271,-46.6183535
4064,I CRUPURAI ,GOOD,49,-23.5133533,-46.6183535
4072,SUCOI LIMTRAS ,GOOD,49,-25.4351398,-49.3167883
4097,SMITAUR SMUIGZIUSU ,GOOD,49,-22.927336,-43.572533
4105,SZIPUAMG MASUCI ,FOOD,,-22.92706,-43.2385163
4109,SZIPUAMG RUMRI SIMUI CRUZ ,FOOD,,-23.598468,-46.636687
4110,SZIPUAMG SIREAR SUA,FOOD,,-23.6308517,-46.735398
4121,PIEO FIR SURU ,FOOD,29,-23.550407,-46.721291
4132,RIMI CURVUSUARI ,GOOD,49,-25.4412212,-49.27769
4139,MIAOIMG ,GOOD,49,-23.54150197,-46.57671799
4142,CIRIROI U CAI ,GOOD,49.9,-22.94733,-43.183534
4151,OIGPUARO ,GOOD,49.9,-23.5133533,-46.6184904
4153,PIP CIRM GIUARUM ,GOOD,49,-25.4351398,-49.3167883
4157,IARIZOR FAM ,FOOD,49,-22.927336,-43.572533
4159,OIGPUARO ,GOOD,49.9,-23.561053,-46.558976
4161,ZIPU ,FOOD,29,-23.563758,-46.652621
4164,IMUAS ,FOOD,29,-23.563758,-46.652621
4165,IMICIPRA ,FOOD,29,-23.563758,-46.652621
4167,STRAMZ ,FOOD,29,-23.563758,-46.652621
4170,ZIAGIA ,FOOD,29,-23.563758,-46.652621
4171,MRICA E FAULE ,FOOD,29.9,-23.563758,-46.652621
4181,ZIVIAIMIS ,FOOD,29,-23.563758,-46.652621
4184,LUPI ,FOOD,29,-23.563758,-46.652621
4195,IRUZZI ,FOOD,29,-23.563758,-46.652621
4199,I PIMACIRAI ,FOOD,29,-23.563758,-46.652621
4200,OIGIPUARRO ,GOOD,49,-22.921475,-43.234822
4201,ZIVIMUI ,FOOD,49,-23.5133533,-46.6184904
4202,RAZIPAO ,FOOD,29,-23.563758,-46.652621
4203,IRULAU CRUPURAU ,GOOD,49,-23.001696,-43.386494
4204,SIZI FOIE ERAMGS ,GOOD,49,-23.001696,-43.386494
4206,USPUMI RIMAI ,GOOD,49,-23.5133533,-46.6184904
4207,ARE PIMUAUR ,GOOD,49,-23.020709,-43.4897
4208,MAP MIP ,FOOD,29,-23.563758,-46.652621
4210,RCOUMILES ,GOOD,,-23.579067,-46.594006
4211,RCOUMILES ,GOOD,,-23.561053,-46.558976
4213,RCOUMILES ,GOOD,,-23.599551,-46.636755
4214,RCOUMILES ,GOOD,,-25.4351398,-49.3167883
4243,IMO IMO ,FOOD,29,-23.5133533,-46.6184904
4245,ZAMZIMU ,FOOD,29,-23.579067,-46.594006
4255,URPIRAI VAGMIRIZZA ,FOOD,49,-23.5133533,-46.6184904
4262,CIPIOURMU ,FOOD,29,-23.5133533,-46.6184904
4264,SALITO ,FOOD,29.9,-23.5133533,-46.6184904
4266,SALITO ,FOOD,29.9,-25.477073,-49.28966
4271,RAMA GILZIMU ,GOOD,49,-23.599551,-46.636755
4272,ILACU SILIZIR ,FOOD,29,-25.477073,-49.28966
4292,P PAZZI ,GOOD,49,-25.477073,-49.28966
4296,MZU PIEO SZIP ,FOOD,29,-23.5133533,-46.6184904
4299,ZISARIS ,FOOD,29.9,-23.550407,-46.721291
4300,SIM RIRZIMI ,GOOD,49.9,-23.579067,-46.594006
4302,IMIA VAMOI RISI ,GOOD,49,-25.438766,-49.266532
4305,RCOUMILES ,GOOD,0,-22.996848,-43.361197
4314,RCOUMILES ,GOOD,,-23.570765,-46.642043
4315,RCOUMILES ,GOOD,0,-23.622995,-46.699204
4316,RCOUMILES ,GOOD,0,-25.4412212,-49.27769
4317,PIRPALA ,FOOD,29,-23.5133533,-46.6184904
4320,CAI RIRAMARI ,FOOD,29,-23.550407,-46.721291
4328,LUPI ,FOOD,29,-23.622995,-46.699204
4329,MUSPUO SMIRU ,FOOD,1,-23.5217758,-46.6241516
4334,SILSI GRALA,GOOD,,-25.4351398,-49.3167883
4335,PASCIAMU ,GOOD,49,-22.996848,-43.361197
4336,MAR ,FOOD,29,-23.563758,-46.652621
4344,CIRACIOU ,FOOD,1,-23.631835,-46.735203
4347,CIRACIOU ,FOOD,1,-30.085743,-51.245997
4348,CIRACIOU ,FOOD,1,-23.595775,-46.685984
4352,CIRACIOU ,FOOD,1,-22.97315,-43.370811
4354,RUA DA RIMU ,GOOD,49.9,-23.579067,-46.594006
4355,CIRACIOU ,FOOD,1,-22.887521,-43.283366
4373,MICI PULA,GOOD,49,-23.54150197,-46.57671799
4386,SALITO ,FOOD,29.9,-23.595775,-46.685984
4388,RIOPULLAMU ,FOOD,29.9,-23.561053,-46.558976
4389,RUMAR ,FOOD,1,-23.5133533,-46.6184904
4396,LAZ ,FOOD,29,-23.5133533,-46.6184904
4398,ILACU SILIZIR ,FOOD,29,-23.507105,-46.718197
4402,PIMUCI DA RIMILI ,GOOD,49,-22.927336,-43.572533
4403,GIPUMZIGUM QSQ  ,FOOD,29,-22.887521,-43.283366
4434,GIPUMZIGUM ,FOOD,49,-22.97315,-43.370811
4439,IMI MURUZI ,FOOD,49,-25.477073,-49.28966
4440,CICIU SZIS ,FOOD,49,-25.477073,-49.28966
4441,RIRASIA,FOOD,29,-22.97315,-43.370811
4442,CIMSMIMCU ,FOOD,29,-22.97315,-43.370811
4443,GIPUMZIGUM ,FOOD,49,-25.477073,-49.28966
4447,LU PISMATRA ,FOOD,,-22.97315,-43.370811
4448,ZIPU ,FOOD,29,-22.97315,-43.370811
4449,CUMOIARAS ,FOOD,29,-22.97315,-43.370811
4451,CZALLA PUIMS ,FOOD,49.9,-22.887521,-43.283366
4452,GIPUMZIGUM ,FOOD,49,-25.4412212,-49.27769
4453,GIPUMZIGUM ,FOOD,49,-25.438766,-49.266532
4459,GAESMIG ,FOOD,29,-22.887521,-43.283366
4462,RIRIMI ,FOOD,29,-23.507105,-46.531521
4467,MAP MIP ,FOOD,29.9,-23.507105,-46.718197
4483,SIGO ,FOOD,29,-23.5133533,-46.6184904
4484,VAI RAI ,FOOD,29,-22.97315,-43.370811
4488,RIARI RAI ,GOOD,49,-30.085743,-51.245997
4489,LALACI E MAGIR ,FOOD,,-23.561053,-46.558976
4491,MIRMU SZIPUAMG ,FOOD,,-22.8874999,-43.2848835
4498,ARIGAMIRAUR ,FOOD,49,-23.5133533,-46.6184904
4510,OIGPUARO ,GOOD,,-23.579067,-46.594006
4512,CIRIROI U CAI ,GOOD,49.9,-22.996848,-43.361197
4524,RALIM ,FOOD,29,-22.97315,-43.370811
4531,IRMURAZI SIAIS ,FOOD,49,-23.507105,-46.718197
4553,CIARUM SMUOLUMS ,FOOD,,-23.5133533,-46.6184904
4556,RIMAI EU TRAPRISCI ,GOOD,49,-23.507105,-46.718197
4558,MIAF ,FOOD,49,-23.54150197,-46.57671799
4559,MIAF ,FOOD,49,-23.5133533,-46.6184904
4564,ZIVIMUI ,FOOD,49,-23.570765,-46.642043
4567,PUGUM ,FOOD,49,-23.5133533,-46.6184904
4568,SAEUSILG ,FOOD,49,-23.5133533,-46.6184904
4572,RIRO RIUGU ,FOOD,49,-23.5133533,-46.6184904
4585,IRUZZI ,FOOD,49,-23.5133533,-46.6184904
4587,PIPUARIGAI ,FOOD,49,-23.5133533,-46.6184904
4596,LUAZI PIRCULIS ,FOOD,29,-25.4351398,-49.3167883
4605,USPIMI PRIMI ,FOOD,49,-23.5133533,-46.6184904
4611,SUSZAIGA ,GOOD,49,-30.085743,-51.245997
4624,RUMAR ,FOOD,0,-23.622995,-46.699204
4625,RUMAR ,FOOD,0,-22.921475,-43.234822
4637,AR TRAMUO ,GOOD,,-23.020709,-43.4897
4645,AIEMAMIMU UM PRIVUMCU ,FOOD,29.9,-25.4351398,-49.3167883
4648,ILAPIARUGAIMI ,GOOD,49.9,-23.54150197,-46.57671799
4650,CICI PIRPU ,GOOD,0,-23.570765,-46.642043
4660,CIRUMOI ,FOOD,49.9,-23.5133533,-46.6184904
4664,CIRUMOI ,FOOD,49,-23.561053,-46.558976
4669,CIRUMOI ,FOOD,29,-23.550407,-46.721291
4671,CIRUMOI ,FOOD,49.9,-23.570765,-46.642043
4675,SIMUI LIMOI ,FOOD,29,-22.887521,-43.283366
4676,PAMACIS ,FOOD,49.9,-25.477073,-49.28966
4679,PIGUE PIPACO ,GOOD,49.9,-23.5133533,-46.6184904
